Datum;Mauna Loa, Hawaii;Schauinsland;Zugspitze;Welttrend
01.03.1958;315,71;;;
01.04.1958;317,45;;;
01.05.1958;317,51;;;
01.06.1958;317,27;;;
01.07.1958;315,87;;;
01.08.1958;314,93;;;
01.09.1958;313,21;;;
01.10.1958;312,42;;;
01.11.1958;313,33;;;
01.12.1958;314,67;;;
01.01.1959;315,58;;;
01.02.1959;316,49;;;
01.03.1959;316,65;;;
01.04.1959;317,72;;;
01.05.1959;318,29;;;
01.06.1959;318,15;;;
01.07.1959;316,54;;;
01.08.1959;314,80;;;
01.09.1959;313,84;;;
01.10.1959;313,33;;;
01.11.1959;314,81;;;
01.12.1959;315,58;;;
01.01.1960;316,43;;;
01.02.1960;316,98;;;
01.03.1960;317,58;;;
01.04.1960;319,03;;;
01.05.1960;320,03;;;
01.06.1960;319,58;;;
01.07.1960;318,18;;;
01.08.1960;315,90;;;
01.09.1960;314,17;;;
01.10.1960;313,83;;;
01.11.1960;315,00;;;
01.12.1960;316,19;;;
01.01.1961;316,89;;;
01.02.1961;317,70;;;
01.03.1961;318,54;;;
01.04.1961;319,48;;;
01.05.1961;320,58;;;
01.06.1961;319,77;;;
01.07.1961;318,56;;;
01.08.1961;316,79;;;
01.09.1961;314,99;;;
01.10.1961;315,31;;;
01.11.1961;316,10;;;
01.12.1961;317,01;;;
01.01.1962;317,94;;;
01.02.1962;318,55;;;
01.03.1962;319,68;;;
01.04.1962;320,57;;;
01.05.1962;321,02;;;
01.06.1962;320,62;;;
01.07.1962;319,61;;;
01.08.1962;317,40;;;
01.09.1962;316,24;;;
01.10.1962;315,42;;;
01.11.1962;316,69;;;
01.12.1962;317,70;;;
01.01.1963;318,74;;;
01.02.1963;319,07;;;
01.03.1963;319,86;;;
01.04.1963;321,38;;;
01.05.1963;322,24;;;
01.06.1963;321,49;;;
01.07.1963;319,74;;;
01.08.1963;317,77;;;
01.09.1963;316,21;;;
01.10.1963;315,99;;;
01.11.1963;317,07;;;
01.12.1963;318,35;;;
01.01.1964;319,57;;;
01.02.1964;320,04;;;
01.03.1964;320,75;;;
01.04.1964;321,84;;;
01.05.1964;322,25;;;
01.06.1964;321,89;;;
01.07.1964;320,44;;;
01.08.1964;318,69;;;
01.09.1964;316,71;;;
01.10.1964;316,87;;;
01.11.1964;317,68;;;
01.12.1964;318,71;;;
01.01.1965;319,44;;;
01.02.1965;320,44;;;
01.03.1965;320,89;;;
01.04.1965;322,14;;;
01.05.1965;322,17;;;
01.06.1965;321,87;;;
01.07.1965;321,21;;;
01.08.1965;318,87;;;
01.09.1965;317,82;;;
01.10.1965;317,30;;;
01.11.1965;318,87;;;
01.12.1965;319,42;;;
01.01.1966;320,62;;;
01.02.1966;321,60;;;
01.03.1966;322,39;;;
01.04.1966;323,70;;;
01.05.1966;324,08;;;
01.06.1966;323,75;;;
01.07.1966;322,37;;;
01.08.1966;320,36;;;
01.09.1966;318,64;;;
01.10.1966;318,10;;;
01.11.1966;319,78;;;
01.12.1966;321,02;;;
01.01.1967;322,33;;;
01.02.1967;322,50;;;
01.03.1967;323,03;;;
01.04.1967;324,41;;;
01.05.1967;325,00;;;
01.06.1967;324,09;;;
01.07.1967;322,54;;;
01.08.1967;320,92;;;
01.09.1967;319,25;;;
01.10.1967;319,39;;;
01.11.1967;320,73;;;
01.12.1967;321,96;;;
01.01.1968;322,57;;;
01.02.1968;323,15;;;
01.03.1968;323,89;;;
01.04.1968;325,02;;;
01.05.1968;325,57;;;
01.06.1968;325,36;;;
01.07.1968;324,14;;;
01.08.1968;322,11;;;
01.09.1968;320,33;;;
01.10.1968;320,25;;;
01.11.1968;321,32;;;
01.12.1968;322,89;;;
01.01.1969;324,00;;;
01.02.1969;324,41;;;
01.03.1969;325,63;;;
01.04.1969;326,66;;;
01.05.1969;327,38;;;
01.06.1969;326,71;;;
01.07.1969;325,88;;;
01.08.1969;323,66;;;
01.09.1969;322,38;;;
01.10.1969;321,78;;;
01.11.1969;322,85;;;
01.12.1969;324,11;;;
01.01.1970;325,06;;;
01.02.1970;325,99;;;
01.03.1970;326,93;;;
01.04.1970;328,13;;;
01.05.1970;328,08;;;
01.06.1970;327,67;;;
01.07.1970;326,34;;;
01.08.1970;324,68;;;
01.09.1970;323,10;;;
01.10.1970;323,06;;;
01.11.1970;324,01;;;
01.12.1970;325,13;;;
01.01.1971;326,17;;;
01.02.1971;326,69;;;
01.03.1971;327,18;;;
01.04.1971;327,78;;;
01.05.1971;328,93;;;
01.06.1971;328,57;;;
01.07.1971;327,36;;;
01.08.1971;325,43;;;
01.09.1971;323,36;;;
01.10.1971;323,56;;;
01.11.1971;324,80;;;
01.12.1971;326,01;;;
01.01.1972;326,77;335,42;;
01.02.1972;327,63;339,25;;
01.03.1972;327,75;337,27;;
01.04.1972;329,72;335,15;;
01.05.1972;330,07;329,66;;
01.06.1972;329,09;325,65;;
01.07.1972;328,04;328,21;;
01.08.1972;326,32;322,28;;
01.09.1972;324,84;321,96;;
01.10.1972;325,20;329,33;;
01.11.1972;326,50;328,90;;
01.12.1972;327,55;331,56;;
01.01.1973;328,55;334,81;;
01.02.1973;329,57;335,47;;
01.03.1973;330,30;335,72;;
01.04.1973;331,50;335,49;;
01.05.1973;332,48;328,97;;
01.06.1973;332,07;325,02;;
01.07.1973;330,87;323,15;;
01.08.1973;329,31;324,67;;
01.09.1973;327,52;326,17;;
01.10.1973;327,19;331,25;;
01.11.1973;328,17;333,29;;
01.12.1973;328,65;335,46;;
01.01.1974;329,36;334,09;;
01.02.1974;330,71;340,91;;
01.03.1974;331,49;340,18;;
01.04.1974;332,65;336,08;;
01.05.1974;333,19;331,26;;
01.06.1974;332,20;327,46;;
01.07.1974;331,07;324,97;;
01.08.1974;329,15;328,01;;
01.09.1974;327,33;327,14;;
01.10.1974;327,28;332,91;;
01.11.1974;328,31;333,95;;
01.12.1974;329,58;332,72;;
01.01.1975;330,73;333,25;;
01.02.1975;331,46;335,41;;
01.03.1975;331,94;340,24;;
01.04.1975;333,11;339,03;;
01.05.1975;333,95;333,12;;
01.06.1975;333,42;328,79;;
01.07.1975;331,97;321,59;;
01.08.1975;329,95;326,12;;
01.09.1975;328,49;328,44;;
01.10.1975;328,36;333,80;;
01.11.1975;329,38;340,87;;
01.12.1975;330,76;337,22;;
01.01.1976;331,56;339,70;;
01.02.1976;332,74;344,17;;
01.03.1976;333,36;338,64;;
01.04.1976;334,74;338,37;;
01.05.1976;334,72;330,81;;
01.06.1976;333,97;326,46;;
01.07.1976;333,08;328,53;;
01.08.1976;330,68;323,60;;
01.09.1976;328,96;326,91;;
01.10.1976;328,72;334,16;;
01.11.1976;330,16;339,14;;
01.12.1976;331,62;337,88;;
01.01.1977;332,68;340,82;;
01.02.1977;333,17;338,09;;
01.03.1977;334,96;336,46;;
01.04.1977;336,14;339,02;;
01.05.1977;336,93;333,92;;
01.06.1977;336,17;330,54;;
01.07.1977;334,89;323,15;;
01.08.1977;332,56;325,83;;
01.09.1977;331,29;327,73;;
01.10.1977;331,28;334,43;;
01.11.1977;332,46;337,80;;
01.12.1977;333,60;339,54;;
01.01.1978;334,94;343,90;;
01.02.1978;335,26;345,46;;
01.03.1978;336,66;341,88;;
01.04.1978;337,69;344,47;;
01.05.1978;338,02;340,20;;
01.06.1978;338,01;331,47;;
01.07.1978;336,50;326,18;;
01.08.1978;334,42;324,84;;
01.09.1978;332,36;327,38;;
01.10.1978;332,45;336,39;;
01.11.1978;333,76;338,57;;
01.12.1978;334,91;342,21;;
01.01.1979;336,14;345,41;;336,56
01.02.1979;336,69;351,03;;337,29
01.03.1979;338,27;341,29;;337,88
01.04.1979;338,82;341,44;;338,32
01.05.1979;339,24;335,04;;338,26
01.06.1979;339,26;331,30;;337,38
01.07.1979;337,54;325,86;;335,56
01.08.1979;335,72;327,63;;334,36
01.09.1979;333,97;329,65;;335,02
01.10.1979;334,24;338,07;;336,36
01.11.1979;335,32;340,46;;337,36
01.12.1979;336,81;342,45;;337,85
01.01.1980;337,90;346,08;;338,55
01.02.1980;338,34;344,89;;339,26
01.03.1980;340,07;348,36;;339,59
01.04.1980;340,93;344,95;;339,99
01.05.1980;341,45;339,42;;340,43
01.06.1980;341,36;335,07;;339,99
01.07.1980;339,45;331,60;;338,44
01.08.1980;337,67;330,25;;337,21
01.09.1980;336,25;331,77;;337,05
01.10.1980;336,14;338,42;;337,83
01.11.1980;337,30;344,16;;338,93
01.12.1980;338,29;342,93;;339,64
01.01.1981;339,29;345,79;;340,18
01.02.1981;340,55;348,36;341,30;340,75
01.03.1981;341,63;344,93;341,67;341,38
01.04.1981;342,60;348,93;343,17;341,68
01.05.1981;343,04;340,77;342,50;341,43
01.06.1981;342,54;336,13;340,30;340,62
01.07.1981;340,82;333,67;336,23;339,22
01.08.1981;338,48;334,01;334,43;338,08
01.09.1981;336,95;334,43;335,20;337,98
01.10.1981;337,05;;337,30;339,07
01.11.1981;338,57;344,63;338,70;340,18
01.12.1981;339,91;348,65;340,20;340,75
01.01.1982;340,93;347,51;341,00;341,37
01.02.1982;341,76;352,13;341,83;341,95
01.03.1982;342,78;349,03;342,47;342,23
01.04.1982;343,96;350,28;342,63;342,52
01.05.1982;344,77;343,94;340,43;342,36
01.06.1982;343,88;339,11;337,67;341,49
01.07.1982;342,42;338,84;334,93;339,75
01.08.1982;340,24;333,88;334,73;338,11
01.09.1982;338,37;338,51;335,03;338,16
01.10.1982;338,41;;338,67;339,61
01.11.1982;339,44;;341,90;340,95
01.12.1982;340,78;347,90;344,30;341,77
01.01.1983;341,57;347,30;345,43;342,37
01.02.1983;342,78;353,46;346,03;342,74
01.03.1983;343,37;350,56;347,03;343,04
01.04.1983;345,40;347,08;346,10;343,51
01.05.1983;346,14;344,94;344,70;343,84
01.06.1983;345,76;340,66;341,87;343,50
01.07.1983;344,32;340,24;339,07;342,14
01.08.1983;342,51;338,97;338,10;340,62
01.09.1983;340,46;336,92;339,23;340,53
01.10.1983;340,53;343,38;341,17;341,75
01.11.1983;341,79;348,25;343,23;342,83
01.12.1983;343,20;349,11;345,02;343,49
01.01.1984;344,21;350,13;347,02;344,32
01.02.1984;344,92;355,38;348,77;344,82
01.03.1984;345,68;356,94;350,41;344,96
01.04.1984;347,38;355,78;350,16;345,19
01.05.1984;347,77;348,14;346,58;345,33
01.06.1984;347,16;340,43;342,06;344,57
01.07.1984;345,79;338,54;339,58;343,20
01.08.1984;343,74;338,69;339,91;342,21
01.09.1984;341,59;340,53;341,42;342,13
01.10.1984;341,86;344,05;343,70;342,99
01.11.1984;343,31;347,71;346,37;344,16
01.12.1984;345,00;350,70;349,13;345,00
01.01.1985;345,48;355,98;349,66;345,35
01.02.1985;346,41;353,35;350,35;345,80
01.03.1985;347,91;356,12;349,09;346,64
01.04.1985;348,66;351,40;348,34;346,94
01.05.1985;349,28;347,29;345,25;346,78
01.06.1985;348,65;340,94;341,99;346,26
01.07.1985;346,90;339,31;339,00;344,92
01.08.1985;345,26;337,32;337,62;343,41
01.09.1985;343,47;339,23;338,87;343,37
01.10.1985;343,35;345,20;342,61;344,64
01.11.1985;344,73;356,27;345,48;345,79
01.12.1985;346,12;349,93;347,99;346,55
01.01.1986;346,78;352,38;349,47;347,11
01.02.1986;347,48;362,62;350,68;347,34
01.03.1986;348,25;358,42;351,14;347,71
01.04.1986;349,86;355,96;349,18;348,22
01.05.1986;350,52;348,53;347,17;348,32
01.06.1986;349,98;343,44;343,36;347,76
01.07.1986;348,25;339,58;341,63;346,29
01.08.1986;346,17;338,91;339,28;344,92
01.09.1986;345,48;340,03;342,18;344,86
01.10.1986;344,82;346,16;344,03;346,03
01.11.1986;346,22;350,46;347,53;347,30
01.12.1986;347,48;352,18;349,77;347,76
01.01.1987;348,73;361,79;351,11;348,02
01.02.1987;348,92;361,36;352,10;348,57
01.03.1987;349,81;358,39;352,86;349,29
01.04.1987;351,40;354,03;352,82;349,98
01.05.1987;352,15;349,66;351,23;350,26
01.06.1987;351,58;347,69;348,44;349,48
01.07.1987;350,21;345,83;346,06;347,86
01.08.1987;348,20;342,73;345,52;346,61
01.09.1987;346,66;345,74;346,50;346,70
01.10.1987;346,72;349,24;348,80;347,97
01.11.1987;348,08;356,43;350,56;349,25
01.12.1987;349,28;359,28;351,40;350,21
01.01.1988;350,51;354,42;351,39;350,91
01.02.1988;351,70;358,73;352,03;351,47
01.03.1988;352,50;357,96;353,20;351,85
01.04.1988;353,67;357,77;352,27;352,30
01.05.1988;354,35;351,92;349,60;352,46
01.06.1988;353,88;346,97;346,83;351,76
01.07.1988;352,80;345,29;346,43;350,28
01.08.1988;350,49;343,99;347,43;349,10
01.09.1988;348,97;347,60;348,90;349,27
01.10.1988;349,37;353,78;351,17;350,44
01.11.1988;350,42;357,07;353,23;351,61
01.12.1988;351,62;358,85;354,50;352,46
01.01.1989;353,07;356,93;355,04;352,99
01.02.1989;353,43;357,70;355,66;353,45
01.03.1989;354,08;358,02;356,76;354,00
01.04.1989;355,72;358,26;356,21;354,37
01.05.1989;355,95;350,05;354,80;354,19
01.06.1989;355,44;346,57;351,75;353,26
01.07.1989;354,05;349,39;349,23;351,56
01.08.1989;351,84;349,82;347,86;350,21
01.09.1989;350,09;351,08;348,90;350,56
01.10.1989;350,33;354,23;352,16;351,85
01.11.1989;351,55;357,79;355,31;353,03
01.12.1989;352,91;358,58;356,49;353,90
01.01.1990;353,86;358,32;356,57;354,46
01.02.1990;355,10;358,69;356,46;354,87
01.03.1990;355,75;361,29;357,56;355,20
01.04.1990;356,38;360,52;357,01;355,50
01.05.1990;357,38;352,22;355,60;355,40
01.06.1990;356,39;351,67;352,54;354,33
01.07.1990;354,89;348,57;350,01;352,71
01.08.1990;353,06;349,91;348,65;351,59
01.09.1990;351,38;349,27;349,70;351,80
01.10.1990;351,69;356,27;352,97;353,19
01.11.1990;353,14;360,90;356,12;354,43
01.12.1990;354,41;363,43;357,47;355,18
01.01.1991;354,93;361,41;358,67;355,76
01.02.1991;355,82;366,76;359,11;356,19
01.03.1991;357,33;364,84;360,01;356,68
01.04.1991;358,77;362,54;359,11;357,19
01.05.1991;359,23;360,12;357,29;357,11
01.06.1991;358,23;354,67;354,32;356,17
01.07.1991;356,30;349,69;351,55;354,53
01.08.1991;353,97;350,42;350,49;353,05
01.09.1991;352,34;353,60;351,34;352,93
01.10.1991;352,43;356,38;353,45;354,00
01.11.1991;353,89;361,08;355,38;355,16
01.12.1991;355,21;360,43;356,97;355,95
01.01.1992;356,34;363,75;358,09;356,52
01.02.1992;357,21;363,40;359,24;356,89
01.03.1992;357,97;364,57;360,11;357,26
01.04.1992;359,22;362,02;359,21;357,75
01.05.1992;359,71;356,99;357,18;357,82
01.06.1992;359,44;352,37;353,77;356,87
01.07.1992;357,15;350,24;351,61;355,19
01.08.1992;354,99;350,20;350,51;353,68
01.09.1992;353,01;349,30;352,27;353,58
01.10.1992;353,41;358,65;354,34;354,80
01.11.1992;354,42;356,76;356,36;355,98
01.12.1992;355,68;360,99;357,58;356,74
01.01.1993;357,10;361,06;359,01;357,21
01.02.1993;357,42;363,31;360,42;357,55
01.03.1993;358,59;366,97;360,91;357,96
01.04.1993;359,39;363,10;360,10;358,43
01.05.1993;360,30;358,15;358,36;358,38
01.06.1993;359,64;354,38;355,72;357,34
01.07.1993;357,45;351,06;353,48;355,72
01.08.1993;355,76;349,94;352,34;354,44
01.09.1993;354,14;353,33;353,40;354,47
01.10.1993;354,23;359,01;355,65;355,70
01.11.1993;355,53;363,78;357,74;356,95
01.12.1993;357,03;363,06;359,06;357,85
01.01.1994;358,36;363,66;360,44;358,47
01.02.1994;359,04;368,53;361,00;359,01
01.03.1994;360,11;362,83;361,74;359,36
01.04.1994;361,36;364,37;360,91;359,71
01.05.1994;361,78;360,17;359,88;359,74
01.06.1994;360,94;355,88;357,27;358,81
01.07.1994;359,51;354,34;355,04;357,27
01.08.1994;357,59;352,72;353,93;356,05
01.09.1994;355,86;353,89;354,74;356,02
01.10.1994;356,21;359,17;356,48;357,26
01.11.1994;357,65;364,26;357,58;358,69
01.12.1994;359,10;364,52;358,42;359,55
01.01.1995;360,04;365,60;362,30;360,13
01.02.1995;361,00;364,58;362,75;360,61
01.03.1995;361,98;365,96;363,27;361,08
01.04.1995;363,44;366,79;362,97;361,55
01.05.1995;363,83;361,53;362,85;361,47
01.06.1995;363,33;358,12;361,40;360,61
01.07.1995;361,78;356,61;353,60;358,99
01.08.1995;359,33;355,52;354,15;357,73
01.09.1995;358,32;356,30;355,13;358,05
01.10.1995;358,14;362,62;357,87;359,42
01.11.1995;359,61;365,72;360,93;360,77
01.12.1995;360,82;370,42;362,97;361,65
01.01.1996;362,20;368,10;364,70;362,14
01.02.1996;363,36;373,52;365,67;362,50
01.03.1996;364,28;375,14;366,90;362,82
01.04.1996;364,69;371,41;365,20;363,14
01.05.1996;365,25;367,60;361,50;363,29
01.06.1996;365,06;359,87;360,13;362,88
01.07.1996;363,69;356,01;357,23;361,57
01.08.1996;361,55;356,56;356,17;360,07
01.09.1996;359,69;358,00;357,20;359,70
01.10.1996;359,72;365,44;359,80;360,67
01.11.1996;361,04;368,02;361,97;361,78
01.12.1996;362,39;370,27;363,30;362,63
01.01.1997;363,24;371,22;364,10;363,28
01.02.1997;364,21;368,10;365,27;363,65
01.03.1997;364,65;369,49;366,07;364,03
01.04.1997;366,49;368,66;365,90;364,50
01.05.1997;366,77;365,08;364,13;364,51
01.06.1997;365,73;360,57;360,57;363,60
01.07.1997;364,46;356,15;357,47;361,93
01.08.1997;362,40;358,47;355,90;360,41
01.09.1997;360,44;358,19;357,30;360,41
01.10.1997;360,97;363,78;360,03;361,94
01.11.1997;362,65;367,70;363,93;363,61
01.12.1997;364,51;372,74;366,47;364,68
01.01.1998;365,39;371,86;367,95;365,19
01.02.1998;366,10;371,61;368,95;365,46
01.03.1998;367,36;372,32;369,80;365,93
01.04.1998;368,79;370,03;368,63;366,58
01.05.1998;369,56;366,41;367,13;366,86
01.06.1998;369,13;363,46;365,85;366,26
01.07.1998;367,98;362,51;365,40;364,84
01.08.1998;366,10;361,66;;363,79
01.09.1998;364,16;363,65;;364,04
01.10.1998;364,54;369,90;;365,34
01.11.1998;365,67;374,05;;366,60
01.12.1998;367,30;373,38;370,60;367,47
01.01.1999;368,35;373,91;371,50;368,12
01.02.1999;369,28;376,41;371,90;368,52
01.03.1999;369,84;375,58;372,60;368,91
01.04.1999;371,15;373,27;371,80;369,30
01.05.1999;371,12;368,01;369,43;369,21
01.06.1999;370,46;364,87;365,67;368,36
01.07.1999;369,61;363,26;363,13;366,69
01.08.1999;367,06;362,94;362,40;365,33
01.09.1999;364,95;364,56;363,97;365,44
01.10.1999;365,52;369,00;367,70;366,75
01.11.1999;366,88;376,83;369,85;368,05
01.12.1999;368,26;373,06;373,00;368,88
01.01.2000;369,45;377,38;372,55;369,39
01.02.2000;369,71;375,09;373,00;369,65
01.03.2000;370,75;375,78;373,33;369,97
01.04.2000;371,98;374,94;373,65;370,35
01.05.2000;371,74;370,70;373,40;370,24
01.06.2000;371,87;367,11;364,50;369,31
01.07.2000;370,02;364,68;364,65;367,91
01.08.2000;368,27;364,41;364,80;366,76
01.09.2000;367,15;365,83;366,13;366,71
01.10.2000;367,18;370,49;368,20;367,91
01.11.2000;368,53;373,03;370,50;369,28
01.12.2000;369,83;373,94;371,50;370,10
01.01.2001;370,76;377,05;373,95;370,68
01.02.2001;371,69;379,74;375,55;371,18
01.03.2001;372,63;377,06;375,50;371,59
01.04.2001;373,55;376,19;374,00;371,90
01.05.2001;374,03;370,77;372,20;371,80
01.06.2001;373,40;369,55;369,00;370,85
01.07.2001;371,68;364,88;366,70;369,45
01.08.2001;369,78;365,01;365,13;368,32
01.09.2001;368,34;365,18;366,17;368,36
01.10.2001;368,61;371,81;368,93;369,71
01.11.2001;369,94;375,61;372,13;371,04
01.12.2001;371,42;378,25;374,23;371,96
01.01.2002;372,70;377,46;375,36;372,51
01.02.2002;373,37;378,52;377,25;372,91
01.03.2002;374,30;379,89;378,36;373,38
01.04.2002;375,19;378,25;378,73;373,72
01.05.2002;375,93;375,06;375,42;373,71
01.06.2002;375,69;370,80;372,57;372,84
01.07.2002;374,16;368,00;368,11;371,41
01.08.2002;372,03;369,54;367,71;370,37
01.09.2002;370,92;369,00;368,95;370,69
01.10.2002;370,73;367,77;372,90;371,96
01.11.2002;372,43;377,63;375,44;373,29
01.12.2002;373,98;382,89;377,94;374,27
01.01.2003;375,07;383,11;379,72;374,95
01.02.2003;375,82;385,01;380,09;375,48
01.03.2003;376,64;382,02;380,83;375,92
01.04.2003;377,92;381,72;380,64;376,39
01.05.2003;378,78;376,18;377,21;376,51
01.06.2003;378,46;374,35;374,56;375,68
01.07.2003;376,88;371,50;370,53;374,16
01.08.2003;374,57;375,71;372,92;372,94
01.09.2003;373,34;371,61;370,97;373,11
01.10.2003;373,31;377,78;376,84;374,40
01.11.2003;374,84;381,29;378,90;375,68
01.12.2003;376,17;382,03;379,46;376,53
01.01.2004;377,17;384,42;381,43;377,21
01.02.2004;378,05;384,79;382,71;377,73
01.03.2004;379,06;387,00;383,52;378,16
01.04.2004;380,54;382,86;381,84;378,47
01.05.2004;380,80;378,47;378,75;378,40
01.06.2004;379,87;375,20;375,98;377,51
01.07.2004;377,65;373,00;372,61;375,96
01.08.2004;376,18;372,18;370,50;374,49
01.09.2004;374,43;372,32;372,04;374,39
01.10.2004;374,63;378,92;376,39;375,73
01.11.2004;376,33;384,59;380,02;377,20
01.12.2004;377,68;383,30;379,55;378,17
01.01.2005;378,63;385,19;382,64;378,73
01.02.2005;379,91;391,47;386,66;379,27
01.03.2005;380,95;387,52;385,59;379,87
01.04.2005;382,48;385,32;384,54;380,32
01.05.2005;382,64;381,40;381,53;380,42
01.06.2005;382,40;377,75;379,36;379,60
01.07.2005;380,93;374,49;374,47;377,94
01.08.2005;378,93;372,58;371,98;376,73
01.09.2005;376,89;376,89;375,85;376,76
01.10.2005;377,19;381,48;378,60;378,07
01.11.2005;378,54;385,43;383,50;379,53
01.12.2005;380,31;388,19;384,50;380,53
01.01.2006;381,58;388,15;384,74;381,33
01.02.2006;382,40;392,16;386,36;381,95
01.03.2006;382,86;391,70;387,31;382,34
01.04.2006;384,80;387,62;386,44;382,67
01.05.2006;385,22;383,37;383,73;382,63
01.06.2006;384,24;378,92;379,77;381,76
01.07.2006;382,65;378,36;378,03;380,07
01.08.2006;380,60;374,26;374,49;378,48
01.09.2006;379,04;378,48;377,35;378,63
01.10.2006;379,33;381,56;379,27;380,08
01.11.2006;380,35;384,75;382,02;381,44
01.12.2006;382,02;386,45;383,74;382,39
01.01.2007;383,10;388,65;385,61;383,03
01.02.2007;384,12;389,47;386,98;383,55
01.03.2007;384,81;390,90;388,19;384,02
01.04.2007;386,73;382,86;385,33;384,28
01.05.2007;386,78;383,47;384,09;384,13
01.06.2007;386,33;378,74;380,40;383,26
01.07.2007;384,73;377,45;379,29;381,55
01.08.2007;382,24;377,23;377,30;380,29
01.09.2007;381,20;376,81;377,97;380,68
01.10.2007;381,37;388,88;383,86;382,10
01.11.2007;382,70;389,75;386,55;383,45
01.12.2007;384,19;389,70;387,63;384,46
01.01.2008;385,78;390,55;388,67;385,23
01.02.2008;386,06;391,28;389,18;385,75
01.03.2008;386,28;392,14;391,75;386,15
01.04.2008;387,33;392,23;392,59;386,53
01.05.2008;388,78;386,04;387,02;386,48
01.06.2008;387,99;382,21;383,84;385,57
01.07.2008;386,61;379,66;380,59;384,10
01.08.2008;384,32;376,76;378,55;382,77
01.09.2008;383,41;380,65;384,81;382,55
01.10.2008;383,22;385,80;385,74;383,67
01.11.2008;384,41;390,89;388,27;385,18
01.12.2008;385,79;394,43;391,37;386,27
01.01.2009;387,17;394,45;390,13;387,03
01.02.2009;387,70;398,32;394,20;387,48
01.03.2009;389,04;396,32;393,83;387,71
01.04.2009;389,76;392,92;390,61;387,99
01.05.2009;390,36;389,09;388,64;387,95
01.06.2009;389,70;383,89;385,43;386,96
01.07.2009;388,24;382,79;381,92;385,01
01.08.2009;386,29;381,22;381,40;383,63
01.09.2009;384,95;384,17;381,56;383,93
01.10.2009;384,64;387,90;385,48;385,50
01.11.2009;386,23;391,05;388,55;386,94
01.12.2009;387,63;394,57;393,28;387,84
01.01.2010;388,91;400,20;393,05;388,62
01.02.2010;390,41;400,58;394,69;389,33
01.03.2010;391,37;398,73;394,29;389,68
01.04.2010;392,67;394,67;393,24;389,98
01.05.2010;393,21;391,75;390,55;389,95
01.06.2010;392,38;384,35;386,13;389,01
01.07.2010;390,41;386,26;384,26;387,35
01.08.2010;388,54;380,72;383,26;386,23
01.09.2010;387,03;383,87;384,21;386,70
01.10.2010;387,43;393,32;389,79;388,25
01.11.2010;388,87;398,29;393,69;389,62
01.12.2010;389,99;400,74;396,04;390,36
01.01.2011;391,50;399,27;395,41;390,93
01.02.2011;392,05;401,42;396,49;391,35
01.03.2011;392,80;402,03;397,08;391,67
01.04.2011;393,44;395,85;395,35;392,05
01.05.2011;394,41;391,10;392,92;392,07
01.06.2011;393,95;390,32;391,25;391,13
01.07.2011;392,72;385,50;386,29;389,19
01.08.2011;390,33;383,45;386,41;387,86
01.09.2011;389,28;387,15;386,54;388,26
01.10.2011;389,19;391,78;389,94;389,83
01.11.2011;390,48;396,33;392,69;391,20
01.12.2011;392,06;397,22;395,74;392,04
01.01.2012;393,31;399,13;397,90;392,61
01.02.2012;394,04;403,28;400,04;393,20
01.03.2012;394,59;401,18;398,94;393,73
01.04.2012;396,38;399,28;400,21;393,99
01.05.2012;396,93;396,65;395,69;393,88
01.06.2012;395,91;392,02;393,48;392,84
01.07.2012;394,56;388,11;389,70;391,00
01.08.2012;392,59;387,21;388,36;389,89
01.09.2012;391,32;388,71;390,44;390,56
01.10.2012;391,27;395,90;393,85;392,16
01.11.2012;393,20;399,41;397,18;393,56
01.12.2012;394,57;401,65;399,81;394,39
01.01.2013;395,78;405,44;401,87;395,07
01.02.2013;397,03;410,72;404,08;395,70
01.03.2013;397,66;407,08;403,89;396,29
01.04.2013;398,64;405,89;403,07;396,74
01.05.2013;400,02;398,48;399,12;396,75
01.06.2013;398,81;393,83;395,13;395,96
01.07.2013;397,51;389,95;390,99;394,47
01.08.2013;395,39;387,54;386,92;393,24
01.09.2013;393,72;390,87;392,13;393,21
01.10.2013;393,90;398,28;396,67;394,51
01.11.2013;395,36;404,90;400,77;395,97
01.12.2013;397,03;400,72;400,21;396,88
01.01.2014;398,04;404,94;402,01;397,51
01.02.2014;398,28;403,98;403,29;397,97
01.03.2014;399,91;405,59;403,83;398,27
01.04.2014;401,51;404,57;401,72;398,63
01.05.2014;401,97;400,04;400,57;398,69
01.06.2014;401,43;395,71;396,32;397,72
01.07.2014;399,26;394,31;394,27;396,13
01.08.2014;397,20;388,76;389,63;395,02
01.09.2014;395,54;394,92;394,25;395,12
01.10.2014;396,15;399,59;397,85;396,38
01.11.2014;397,40;402,73;399,24;397,86
01.12.2014;399,08;410,24;403,14;398,84
01.01.2015;400,18;407,29;403,54;399,56
01.02.2015;400,55;408,87;404,57;400,12
01.03.2015;401,73;410,02;405,32;400,57
01.04.2015;403,38;405,00;403,69;400,96
01.05.2015;404,16;400,31;400,92;400,91
01.06.2015;402,97;397,78;396,66;400,06
01.07.2015;401,46;396,23;396,00;398,38
01.08.2015;399,10;396,52;394,31;397,07
01.09.2015;397,83;394,89;394,69;397,34
01.10.2015;398,49;406,26;401,46;398,80
01.11.2015;400,34;404,93;402,01;400,36
01.12.2015;402,06;404,42;402,43;401,66
01.01.2016;402,67;408,24;406,47;402,63
01.02.2016;404,24;411,11;408,34;403,27
01.03.2016;405,06;412,64;409,46;403,86
01.04.2016;407,62;408,67;407,58;404,38
01.05.2016;407,90;404,67;404,47;404,44
01.06.2016;407,01;401,04;401,42;403,65
01.07.2016;404,58;399,14;399,13;402,11
01.08.2016;402,45;396,18;397,26;400,80
01.09.2016;401,23;401,84;398,90;400,97
01.10.2016;401,81;408,30;405,41;402,41
01.11.2016;403,72;411,81;407,46;403,78
01.12.2016;404,64;409,32;406,98;404,68
01.01.2017;406,37;414,14;410,52;405,32
01.02.2017;406,66;414,06;410,49;405,91
01.03.2017;407,55;412,78;410,58;406,32
01.04.2017;409,23;412,18;411,12;406,61
01.05.2017;409,92;408,10;408,71;406,64
01.06.2017;409,09;403,50;405,26;405,84
01.07.2017;407,34;401,77;401,66;404,14
01.08.2017;405,30;399,73;400,37;402,60
01.09.2017;403,56;399,90;399,85;402,68
01.10.2017;403,83;404,60;404,47;404,17
01.11.2017;405,35;412,88;408,53;405,69
01.12.2017;407,00;413,45;410,89;406,72
01.01.2018;408,15;413,34;410,51;407,51
01.02.2018;408,52;420,60;414,75;408,19
01.03.2018;409,58;417,70;414,98;408,73
01.04.2018;410,44;413,62;412,22;409,03
01.05.2018;411,44;407,08;407,86;408,92
01.06.2018;411,00;404,67;405,69;408,04
01.07.2018;408,94;403,74;403,11;406,45
01.08.2018;407,17;404,77;402,93;405,08
01.09.2018;405,71;405,38;404,31;405,15
01.10.2018;406,18;410,59;407,14;406,62
01.11.2018;408,22;415,35;411,30;408,10
01.12.2018;409,27;415,67;412,67;409,19
01.01.2019;411,03;418,53;414,81;409,93
01.02.2019;411,96;415,96;414,24;410,35
01.03.2019;412,18;416,38;415,13;410,89
01.04.2019;413,61;416,61;415,42;411,32
01.05.2019;414,90;411,91;412,23;411,32
01.06.2019;414,15;410,98;411,71;410,49
01.07.2019;411,96;405,99;406,88;408,83
01.08.2019;410,17;403,23;403,69;407,58
01.09.2019;408,76;404,06;405,60;407,86
01.10.2019;408,74;413,13;409,62;409,38
01.11.2019;410,47;417,28;414,09;410,82
01.12.2019;411,97;416,88;415,05;411,74
01.01.2020;413,59;417,04;415,29;412,48
01.02.2020;414,32;417,84;416,78;413,03
01.03.2020;414,72;420,22;418,05;413,52
01.04.2020;416,42;417,46;416,07;413,97
01.05.2020;417,28;413,99;415,02;413,88
01.06.2020;416,58;410,78;411,55;412,90
01.07.2020;414,59;408,06;408,12;411,19
01.08.2020;412,75;408,21;407,81;409,82
01.09.2020;411,50;410,22;408,72;410,11
01.10.2020;411,49;415,15;413,24;411,73
01.11.2020;413,10;417,81;414,33;413,29
01.12.2020;414,23;421,79;418,32;414,17
01.01.2021;415,49;425,56;420,35;414,82
01.02.2021;416,69;422,36;419,49;415,33
01.03.2021;417,61;422,67;421,02;415,66
01.04.2021;419,01;421,86;421,37;415,96
01.05.2021;419,09;419,59;418,47;416,10
01.06.2021;418,93;;415,12;415,27
01.07.2021;416,90;410,66;411,10;413,53
01.08.2021;414,42;406,65;408,01;412,27
01.09.2021;413,26;410,67;410,74;412,52
01.10.2021;413,90;416,23;414,57;413,93
01.11.2021;414,97;423,33;418,51;415,64
01.12.2021;416,67;421,65;419,36;416,68
01.01.2022;418,12;423,23;421,30;417,31
01.02.2022;419,24;423,86;422,35;417,82
01.03.2022;418,76;428,02;423,28;418,34
01.04.2022;420,19;423,42;423,26;418,73
01.05.2022;420,97;417,71;419,01;418,58
01.06.2022;420,94;416,90;418,15;417,55
01.07.2022;418,85;414,33;414,16;415,83
01.08.2022;417,15;414,41;412,91;414,59
01.09.2022;415,91;413,68;412,84;414,82
01.10.2022;415,74;418,68;415,98;416,32
01.11.2022;417,47;422,16;420,16;417,95
01.12.2022;419,00;428,10;423,49;419,02
01.01.2023;419,48;428,69;423,80;419,58
01.02.2023;420,32;427,07;423,78;419,93
01.03.2023;420,97;426,28;424,46;420,31
01.04.2023;423,37;425,92;425,27;420,80
01.05.2023;424,03;420,69;420,19;420,77
01.06.2023;423,66;415,28;415,91;419,76
01.07.2023;421,83;415,48;415,99;418,09
01.08.2023;419,68;413,31;412,48;416,93
01.09.2023;418,50;416,78;416,95;417,32
01.10.2023;418,82;419,82;419,52;418,98
01.11.2023;420,46;425,86;423,99;420,53
01.12.2023;421,86;428,74;425,69;421,68
01.01.2024;422,80;428,96;426,29;422,40
01.02.2024;424,62;428,55;426,75;422,86
01.03.2024;425,38;429,58;428,04;
